id,first_name,last_name,email,salary
1,Melina,Posten,mposten0@spiegel.de,2243
2,Lani,Munton,lmunton1@csmonitor.com,16876
3,Darnell,Gobel,dgobel2@marketwatch.com,15802
4,Iona,Hollier,ihollier3@zimbio.com,1909
5,Eirena,Scamerdine,escamerdine4@prnewswire.com,14218
6,Darryl,Pidduck,dpidduck5@youku.com,13613
7,Roosevelt,Danihelka,rdanihelka6@privacy.gov.au,9604
8,Paulette,Sollars,psollars7@msu.edu,18834
9,Anderea,Isted,aisted8@ebay.co.uk,15763
10,Jillene,Catonne,jcatonne9@comcast.net,7557
11,Nanette,Inskipp,ninskippa@ibm.com,13680
12,Christos,Geely,cgeelyb@webnode.com,4884
13,Adelle,Menichillo,amenichilloc@upenn.edu,10594
14,Reuven,McKennan,rmckennand@mediafire.com,6694
15,Gearalt,Guerro,gguerroe@about.me,15059
16,Charlot,Speenden,cspeendenf@w3.org,17982
17,Gretna,Geraldini,ggeraldinig@sphinn.com,3224
18,Iggy,Jacke,ijackeh@cafepress.com,13538
19,Renata,Geldert,rgelderti@eventbrite.com,2797
20,Ollie,Tribe,otribej@mozilla.org,13420
21,Philippine,Sheivels,psheivelsk@mediafire.com,15067
22,Sloan,McAughtry,smcaughtryl@chicagotribune.com,4790
23,Emlynne,Jarville,ejarvillem@cbsnews.com,16394
24,Emily,Scholling,eschollingn@virginia.edu,3421
25,Jazmin,De Michele,jdemicheleo@dyndns.org,2589
26,Irma,Birdsall,ibirdsallp@xrea.com,17239
27,Brooke,Shepland,bsheplandq@washingtonpost.com,10170
28,Stanfield,Stayt,sstaytr@ehow.com,1683
29,Dylan,Donner,ddonners@cyberchimps.com,2432
30,Nicolle,Dencs,ndencst@samsung.com,11753
31,Judas,Collymore,jcollymoreu@admin.ch,11059
32,Jenelle,Befroy,jbefroyv@about.com,10159
33,Eugene,Andreou,eandreouw@ucoz.com,19874
34,Sena,McPhilip,smcphilipx@ucoz.com,17004
35,Emmi,Witcombe,ewitcombey@abc.net.au,18255
36,Melicent,Jurisch,mjurischz@icio.us,16320
37,Michal,Czajka,mczajka10@reverbnation.com,2166
38,Olive,Sommerling,osommerling11@myspace.com,11304
39,Fayette,Spier,fspier12@delicious.com,13352
40,Cloe,Rapp,crapp13@rakuten.co.jp,1709
41,Fidel,Scotcher,fscotcher14@nps.gov,13615
42,Ferd,Nolin,fnolin15@xing.com,17763
43,Lynde,Curtiss,lcurtiss16@engadget.com,19019
44,Gale,Egell,gegell17@zdnet.com,8736
45,Hertha,Iacomini,hiacomini18@unc.edu,2334
46,Beatrisa,Worden,bworden19@about.com,19427
47,Calley,Gringley,cgringley1a@dyndns.org,1935
48,Audrie,Lujan,alujan1b@plala.or.jp,18697
49,Traver,Colleton,tcolleton1c@va.gov,4042
50,Bartram,Dundridge,bdundridge1d@abc.net.au,13308
51,Gerry,Welldrake,gwelldrake1e@uiuc.edu,19220
52,Giselbert,Behrend,gbehrend1f@printfriendly.com,12576
53,Linc,Jacmar,ljacmar1g@opera.com,8108
54,Dasi,Brodnecke,dbrodnecke1h@time.com,13184
55,Nancee,Rockey,nrockey1i@google.com.br,10330
56,Nerita,Murden,nmurden1j@globo.com,12622
57,Ceil,Jakubczyk,cjakubczyk1k@sciencedaily.com,9724
58,Cicely,Futter,cfutter1l@blogs.com,11612
59,George,Moat,gmoat1m@facebook.com,5854
60,Willis,Brugman,wbrugman1n@imgur.com,14226
61,Gaynor,Georger,ggeorger1o@hp.com,7381
62,Celestyna,Disbrow,cdisbrow1p@arizona.edu,12008
63,Basil,Greaterex,bgreaterex1q@mapy.cz,16446
64,Catlaina,Matusson,cmatusson1r@sphinn.com,19520
65,Armin,Reilinger,areilinger1s@jimdo.com,11271
66,Walther,Darell,wdarell1t@wunderground.com,5051
67,Wendall,Judson,wjudson1u@pagesperso-orange.fr,19496
68,Murray,Karpov,mkarpov1v@about.com,2869
69,Zonda,Madden,zmadden1w@imdb.com,2419
70,Clayborne,Volante,cvolante1x@nsw.gov.au,19538
71,Lavina,Briston,lbriston1y@list-manage.com,3993
72,Bobinette,Wallach,bwallach1z@tiny.cc,7214
73,Philip,Meiner,pmeiner20@etsy.com,5450
74,Garvey,Osban,gosban21@ucsd.edu,19940
75,Filia,Tregien,ftregien22@mozilla.com,4027
76,Tybalt,Flawith,tflawith23@goo.ne.jp,13461
77,Merv,Stilling,mstilling24@cyberchimps.com,5786
78,Laural,Barwack,lbarwack25@vimeo.com,7073
79,Mayer,Theobald,mtheobald26@deviantart.com,16899
80,Blisse,Larrosa,blarrosa27@discovery.com,1185
81,Julianna,Hearnden,jhearnden28@japanpost.jp,2141
82,Traver,Mallison,tmallison29@discovery.com,2776
83,Helaine,Tommasetti,htommasetti2a@surveymonkey.com,14193
84,Ashla,McKeran,amckeran2b@tiny.cc,11776
85,Irena,Henriet,ihenriet2c@mediafire.com,16798
86,Gaynor,Wimmers,gwimmers2d@wordpress.com,17393
87,Huntlee,Brehat,hbrehat2e@indiatimes.com,6253
88,Cristal,Fairhurst,cfairhurst2f@storify.com,1695
89,Cynde,Van der Son,cvanderson2g@wp.com,13063
90,Patin,Mitkcov,pmitkcov2h@google.cn,9290
91,Vance,Rawles,vrawles2i@nifty.com,1896
92,Obediah,Peaden,opeaden2j@umich.edu,19643
93,Lyndsey,Marini,lmarini2k@earthlink.net,7166
94,Ford,Batterton,fbatterton2l@bing.com,9723
95,Rosana,Preene,rpreene2m@hud.gov,5187
96,Grove,Drable,gdrable2n@epa.gov,7969
97,Celisse,Kyllford,ckyllford2o@fda.gov,4749
98,Ephraim,Salthouse,esalthouse2p@omniture.com,10731
99,Jeannette,Kryszkiecicz,jkryszkiecicz2q@mapquest.com,11638
100,Shandie,Afonso,safonso2r@craigslist.org,11443
101,Glenine,Clubley,gclubley2s@gnu.org,8687
102,Luigi,Managh,lmanagh2t@tuttocitta.it,17334
103,Charlie,Keeton,ckeeton2u@example.com,10267
104,Caron,Gayler,cgayler2v@reuters.com,14379
105,Tabbie,Bewsey,tbewsey2w@storify.com,12507
106,Arty,Adamovich,aadamovich2x@reverbnation.com,10290
107,Alexio,Aris,aaris2y@smh.com.au,5518
108,Kingston,Stopford,kstopford2z@sohu.com,1239
109,Jephthah,Tarbett,jtarbett30@hhs.gov,8126
110,Kennie,Franscioni,kfranscioni31@barnesandnoble.com,5022
111,Michal,Wanek,mwanek32@scientificamerican.com,8058
112,Margalo,Benton,mbenton33@drupal.org,5144
113,Pierson,Andreucci,pandreucci34@smugmug.com,11801
114,Burnard,Ikringill,bikringill35@cocolog-nifty.com,18171
115,Marci,Coggin,mcoggin36@dmoz.org,18464
116,Jana,Sedgemore,jsedgemore37@forbes.com,10767
117,Ferdy,Buckwell,fbuckwell38@live.com,7936
118,Loren,Fordham,lfordham39@imdb.com,14818
119,Brigid,Serridge,bserridge3a@1688.com,16640
120,Stevie,Emlyn,semlyn3b@blogtalkradio.com,3443
121,Giustina,Lynes,glynes3c@mac.com,4452
122,Jada,Lockton,jlockton3d@tinyurl.com,7442
123,Pembroke,Facey,pfacey3e@alibaba.com,11886
124,Dody,Peltzer,dpeltzer3f@1und1.de,4222
125,Dulciana,Toynbee,dtoynbee3g@fema.gov,16152
126,Dody,Hinrichsen,dhinrichsen3h@qq.com,15550
127,Amara,Espinoy,aespinoy3i@squidoo.com,12922
128,Hilario,Reinhard,hreinhard3j@discuz.net,17420
129,Godfry,Lagadu,glagadu3k@alexa.com,12411
130,Damon,Thompkins,dthompkins3l@latimes.com,19315
131,Didi,McKitterick,dmckitterick3m@51.la,18411
132,Skelly,Leaver,sleaver3n@cbsnews.com,13815
133,Brynn,Amery,bamery3o@scribd.com,5760
134,Tamra,Cocking,tcocking3p@google.it,9379
135,Wiatt,Durward,wdurward3q@fastcompany.com,18767
136,Winni,Haggus,whaggus3r@bandcamp.com,1210
137,Grace,O'Flynn,goflynn3s@taobao.com,14579
138,Joy,Scrammage,jscrammage3t@ed.gov,18896
139,Sibby,Jewitt,sjewitt3u@usda.gov,1359
140,Cello,Whitesel,cwhitesel3v@upenn.edu,7074
141,Herman,Bercher,hbercher3w@qq.com,9569
142,Julius,Unsworth,junsworth3x@unicef.org,16586
143,Fernandina,Northage,fnorthage3y@joomla.org,13352
144,Alvina,Hairyes,ahairyes3z@cafepress.com,16704
145,Gal,McGreary,gmcgreary40@indiegogo.com,1255
146,Briny,Weakley,bweakley41@ocn.ne.jp,18507
147,Jacqui,Ackrill,jackrill42@who.int,13366
148,Torrance,Shatliff,tshatliff43@indiatimes.com,14672
149,Conant,Trayton,ctrayton44@admin.ch,5195
150,Prudy,Sarll,psarll45@angelfire.com,17946
151,Olav,Tremollet,otremollet46@e-recht24.de,17276
152,Didi,McNeil,dmcneil47@sogou.com,4899
153,Gayle,Cordelette,gcordelette48@harvard.edu,12158
154,Aldus,O'Crowley,aocrowley49@oracle.com,14306
155,Filmer,Everson,feverson4a@bravesites.com,5833
156,Dominic,Brownsea,dbrownsea4b@csmonitor.com,7139
157,Freddy,Blackaller,fblackaller4c@yellowbook.com,14393
158,Anton,Corbett,acorbett4d@xing.com,11717
159,Chelsie,Bithany,cbithany4e@statcounter.com,1975
160,Phillipp,Scroyton,pscroyton4f@nydailynews.com,5176
161,Jarib,Ind,jind4g@purevolume.com,9307
162,Rozalie,Toleman,rtoleman4h@tripod.com,11388
163,Winn,Monnoyer,wmonnoyer4i@sciencedaily.com,7489
164,Gaston,Klawi,gklawi4j@geocities.com,5075
165,Sidonnie,Sheirlaw,ssheirlaw4k@google.it,15494
166,Rory,Hollyman,rhollyman4l@dedecms.com,11763
167,Allen,Jodlowski,ajodlowski4m@ibm.com,11880
168,Natale,Stretton,nstretton4n@hugedomains.com,2776
169,Alexina,Hartridge,ahartridge4o@berkeley.edu,9342
170,Lenee,D'eathe,ldeathe4p@mtv.com,19852
171,Coretta,Batrop,cbatrop4q@aol.com,19499
172,Daniele,Dowty,ddowty4r@csmonitor.com,2221
173,Lenka,Haggie,lhaggie4s@cdbaby.com,4235
174,Shane,Zanotti,szanotti4t@yale.edu,11904
175,Dianne,Dorkens,ddorkens4u@loc.gov,5518
176,Mitchel,Stieger,mstieger4v@reddit.com,17222
177,Hebert,Adderson,hadderson4w@nydailynews.com,2204
178,Breanne,Marler,bmarler4x@squidoo.com,2109
179,Alan,Ponton,aponton4y@51.la,10349
180,Van,Demelt,vdemelt4z@blogtalkradio.com,17558
181,Drusilla,Segge,dsegge50@foxnews.com,12033
182,Dona,Armatys,darmatys51@diigo.com,2441
183,Phylis,Joddins,pjoddins52@discuz.net,4140
184,Edan,Sapson,esapson53@fotki.com,14902
185,Clarke,Garforth,cgarforth54@omniture.com,6570
186,Boothe,Snelgar,bsnelgar55@google.com.br,14880
187,Melodee,Bowie,mbowie56@uiuc.edu,17955
188,Roseline,Wissbey,rwissbey57@example.com,17828
189,Caprice,Roakes,croakes58@omniture.com,1102
190,Elihu,Sharpling,esharpling59@usa.gov,6385
191,Bonita,Toffaloni,btoffaloni5a@economist.com,13229
192,Alexandro,Eborn,aeborn5b@harvard.edu,3252
193,Kinny,Keaves,kkeaves5c@wunderground.com,4917
194,Arnoldo,Bogges,abogges5d@a8.net,12551
195,Cybil,Jedrzejewski,cjedrzejewski5e@omniture.com,15075
196,Shermy,Hanselman,shanselman5f@japanpost.jp,12227
197,Almire,Crosskill,acrosskill5g@wufoo.com,10999
198,Darlleen,Danielis,ddanielis5h@barnesandnoble.com,3909
199,Lurline,Hizir,lhizir5i@smh.com.au,2147
200,Wain,Heyns,wheyns5j@pcworld.com,5952
201,Doe,Dillet,ddillet5k@psu.edu,3499
202,Nisse,Paulisch,npaulisch5l@redcross.org,17695
203,Marcia,Duddin,mduddin5m@creativecommons.org,19283
204,Granger,Kelmere,gkelmere5n@paginegialle.it,11915
205,Vinita,Brewster,vbrewster5o@wix.com,4110
206,Sumner,Taffarello,staffarello5p@economist.com,18718
207,Jodi,Danilewicz,jdanilewicz5q@sourceforge.net,18867
208,Mitch,Dauney,mdauney5r@phpbb.com,16518
209,Derek,Ditchett,dditchett5s@sbwire.com,4173
210,Aundrea,Cristea,acristea5t@newyorker.com,12967
211,Deonne,Beane,dbeane5u@nydailynews.com,8343
212,Eleonore,Dreghorn,edreghorn5v@wikia.com,5994
213,Janene,Adamec,jadamec5w@woothemes.com,14975
214,Hillery,Ruselin,hruselin5x@businesswire.com,1443
215,Breena,Leftridge,bleftridge5y@nhs.uk,16683
216,Mona,Mariolle,mmariolle5z@google.com.br,16861
217,Jeanna,Lindenboim,jlindenboim60@so-net.ne.jp,9726
218,Osbert,Ketteringham,oketteringham61@tiny.cc,4681
219,Thatch,Ravenhill,travenhill62@reverbnation.com,3949
220,Marabel,Barstock,mbarstock63@newyorker.com,4943
221,Delano,Stubbeley,dstubbeley64@qq.com,17973
222,Elissa,Tringham,etringham65@seesaa.net,16469
223,Frank,Kilban,fkilban66@google.com.au,1134
224,Gwendolyn,Butland,gbutland67@cmu.edu,17366
225,Burch,Redmire,bredmire68@nydailynews.com,7947
226,Gregg,Antonich,gantonich69@soup.io,12197
227,Andra,Jurewicz,ajurewicz6a@google.com.br,3141
228,Sawyer,Korb,skorb6b@stumbleupon.com,14401
229,Sonny,Petegree,spetegree6c@ucoz.com,16531
230,Ram,Balsdon,rbalsdon6d@woothemes.com,7937
231,Gena,Chotty,gchotty6e@deliciousdays.com,9077
232,Marijn,Gong,mgong6f@bing.com,13693
233,Markos,Pollicote,mpollicote6g@exblog.jp,17671
234,Gibbie,Moen,gmoen6h@shinystat.com,1606
235,Rachelle,Pidwell,rpidwell6i@miibeian.gov.cn,12325
236,Evvy,Sollitt,esollitt6j@fastcompany.com,14979
237,Morena,Kell,mkell6k@unc.edu,6842
238,Darcie,Delacroix,ddelacroix6l@usa.gov,3800
239,Neall,Cotesford,ncotesford6m@goo.ne.jp,19364
240,Mariya,Artiss,martiss6n@sun.com,13743
241,Marilin,Hanrott,mhanrott6o@booking.com,2424
242,Terrijo,Molyneux,tmolyneux6p@biglobe.ne.jp,11403
243,Sabina,Glanders,sglanders6q@sourceforge.net,17186
244,Orel,Iacofo,oiacofo6r@cyberchimps.com,15004
245,Eilis,Pothecary,epothecary6s@51.la,13934
246,Janot,Glencrosche,jglencrosche6t@technorati.com,15345
247,Shelly,Awde,sawde6u@cloudflare.com,1285
248,Patrice,Deetlefs,pdeetlefs6v@4shared.com,3532
249,Rebeca,Kruger,rkruger6w@rambler.ru,5954
250,Carolan,Van den Velde,cvandenvelde6x@salon.com,15356
251,Ninon,Coton,ncoton6y@nytimes.com,15186
252,Vania,Cullingworth,vcullingworth6z@histats.com,1349
253,Merry,Alvarado,malvarado70@discuz.net,4157
254,Denver,Leckie,dleckie71@e-recht24.de,2176
255,Margaret,Braiden,mbraiden72@ca.gov,14585
256,Mureil,Jaskowicz,mjaskowicz73@spiegel.de,3833
257,Trevar,Ahmed,tahmed74@imgur.com,1150
258,Corilla,Ausiello,causiello75@ibm.com,19303
259,Gael,Gjerde,ggjerde76@tripadvisor.com,1144
260,Allix,Osorio,aosorio77@diigo.com,4310
261,Glori,Penny,gpenny78@issuu.com,9336
262,Griselda,Weyman,gweyman79@vinaora.com,12118
263,Alvis,Renackowna,arenackowna7a@flavors.me,1586
264,Liza,Priddis,lpriddis7b@miitbeian.gov.cn,16375
265,Brigid,Petrello,bpetrello7c@noaa.gov,17077
266,Peggi,Moss,pmoss7d@cnet.com,7168
267,Wilie,Alden,walden7e@wp.com,18682
268,Guthrey,Bixley,gbixley7f@qq.com,3898
269,Daniele,Laidler,dlaidler7g@si.edu,16710
270,Rozanna,Duesberry,rduesberry7h@fda.gov,8067
271,Rick,Risely,rrisely7i@un.org,18597
272,Sebastien,Stodart,sstodart7j@prweb.com,6353
273,Gaylor,Hellwig,ghellwig7k@msn.com,17484
274,Uta,Boyda,uboyda7l@wordpress.com,5213
275,Coralyn,Linton,clinton7m@deviantart.com,16229
276,Jourdain,Causbey,jcausbey7n@auda.org.au,2327
277,Kata,Poppleton,kpoppleton7o@blogtalkradio.com,12992
278,Washington,Westmoreland,wwestmoreland7p@cnbc.com,8812
279,Lalo,Pentercost,lpentercost7q@eventbrite.com,18441
280,Ranice,Gobel,rgobel7r@imageshack.us,3268
281,Shirlene,Bernardotti,sbernardotti7s@bandcamp.com,19703
282,Chancey,Gosker,cgosker7t@mysql.com,16160
283,Barb,Splain,bsplain7u@tuttocitta.it,16945
284,Den,Ginman,dginman7v@npr.org,17809
285,Nikaniki,Eirwin,neirwin7w@statcounter.com,6902
286,Sallyann,Butterick,sbutterick7x@amazon.com,12518
287,Mead,Coye,mcoye7y@hubpages.com,6347
288,Emmalee,Kimmerling,ekimmerling7z@wufoo.com,18303
289,Anet,Rippingall,arippingall80@smh.com.au,2484
290,Myles,Gallehock,mgallehock81@drupal.org,14348
291,Aurilia,Pudge,apudge82@nationalgeographic.com,13406
292,Demetria,Brosetti,dbrosetti83@ustream.tv,6216
293,Lesli,Stains,lstains84@npr.org,13977
294,Andrus,Loan,aloan85@photobucket.com,1216
295,Chrysler,McMennum,cmcmennum86@tmall.com,10575
296,Mason,Broadway,mbroadway87@dailymotion.com,9766
297,Ali,Sterrick,asterrick88@quantcast.com,14538
298,Cal,Copcott,ccopcott89@over-blog.com,13547
299,Wayne,McGilroy,wmcgilroy8a@irs.gov,11118
300,Archibald,Brandassi,abrandassi8b@clickbank.net,4611
301,Carly,Weild,cweild8c@about.me,17438
302,Hilario,Dron,hdron8d@naver.com,13647
303,Birgit,Crooks,bcrooks8e@businesswire.com,7934
304,Dave,Iddiens,diddiens8f@drupal.org,15505
305,Heather,Rudolph,hrudolph8g@moonfruit.com,18680
306,Codi,Blore,cblore8h@creativecommons.org,5866
307,Saundra,Filippozzi,sfilippozzi8i@harvard.edu,17225
308,Kirby,Pifford,kpifford8j@disqus.com,6739
309,Court,Stolz,cstolz8k@bloglovin.com,5886
310,Gloriana,Gianulli,ggianulli8l@sun.com,8686
311,Frederick,Londsdale,flondsdale8m@4shared.com,18248
312,Augusta,Hubber,ahubber8n@tiny.cc,18437
313,Mikey,Lithcow,mlithcow8o@tumblr.com,19008
314,Aleen,Ambrogi,aambrogi8p@uol.com.br,17279
315,Britt,Cutmore,bcutmore8q@mozilla.com,5632
316,Hollie,Simakov,hsimakov8r@huffingtonpost.com,16855
317,Odessa,Tennewell,otennewell8s@ucoz.ru,10028
318,Heather,Raselles,hraselles8t@hibu.com,11999
319,Giacinta,Cardo,gcardo8u@uiuc.edu,7649
320,Arther,Snalom,asnalom8v@ehow.com,12282
321,Sarge,Mottley,smottley8w@odnoklassniki.ru,18054
322,Shirlene,Rudderham,srudderham8x@walmart.com,8404
323,Bidget,Gentry,bgentry8y@flickr.com,10033
324,Brier,Pagnin,bpagnin8z@ovh.net,12666
325,Leshia,Heustace,lheustace90@springer.com,10403
326,Fin,MacIlhargy,fmacilhargy91@google.fr,9705
327,Hilary,Myall,hmyall92@jalbum.net,2226
328,Glen,Owthwaite,gowthwaite93@people.com.cn,1117
329,Linc,Vayne,lvayne94@over-blog.com,17056
330,Prentice,Baigrie,pbaigrie95@freewebs.com,8982
331,Geoffry,Schurcke,gschurcke96@51.la,10395
332,Ignatius,Toderbrugge,itoderbrugge97@unblog.fr,9155
333,Mitch,Richin,mrichin98@deliciousdays.com,2943
334,Tam,Rudland,trudland99@mail.ru,2496
335,Dawna,Meardon,dmeardon9a@upenn.edu,12541
336,Billye,Ventum,bventum9b@ucsd.edu,15739
337,Geordie,Cristoforetti,gcristoforetti9c@ustream.tv,4529
338,Arne,Easen,aeasen9d@vistaprint.com,1094
339,Kirbee,Ivanyushkin,kivanyushkin9e@usgs.gov,6242
340,Bendix,McGeachy,bmcgeachy9f@sfgate.com,13552
341,Celie,Stebbings,cstebbings9g@odnoklassniki.ru,6063
342,Jenda,Creigan,jcreigan9h@vistaprint.com,17227
343,La verne,Hulance,lhulance9i@miibeian.gov.cn,17415
344,Laverne,Andreini,landreini9j@vk.com,11834
345,Gayel,Zannuto,gzannuto9k@miitbeian.gov.cn,13900
346,Pearline,Challender,pchallender9l@blogs.com,17526
347,Billye,Mc Harg,bmcharg9m@tripadvisor.com,12780
348,Correna,Winscum,cwinscum9n@bluehost.com,9636
349,Sarajane,Meiklejohn,smeiklejohn9o@oracle.com,19574
350,Raul,Cheltnam,rcheltnam9p@xing.com,14173
351,Esteban,Buzza,ebuzza9q@homestead.com,5597
352,Penn,McKibben,pmckibben9r@dyndns.org,2901
353,Charlena,Sear,csear9s@elpais.com,12864
354,Aloisia,Farrants,afarrants9t@google.cn,8853
355,Tomasine,Coot,tcoot9u@xing.com,14502
356,Merrily,Fuggle,mfuggle9v@paginegialle.it,2985
357,Zachery,McGaraghan,zmcgaraghan9w@plala.or.jp,5133
358,Ashla,Gartsyde,agartsyde9x@tuttocitta.it,14462
359,Pammy,Givens,pgivens9y@paypal.com,8295
360,Ardyth,Baccup,abaccup9z@walmart.com,16015
361,Ailyn,Yellowley,ayellowleya0@xinhuanet.com,8042
362,Torry,Whitewood,twhitewooda1@tinyurl.com,12395
363,Malcolm,Martin,mmartina2@networksolutions.com,8653
364,Ingelbert,Caplen,icaplena3@jalbum.net,8674
365,Dexter,Woolaghan,dwoolaghana4@godaddy.com,3258
366,Brietta,Donat,bdonata5@biblegateway.com,8040
367,Margarete,Caslane,mcaslanea6@t.co,18656
368,Carlen,Crannell,ccrannella7@parallels.com,7842
369,Merrilee,Dundon,mdundona8@parallels.com,2134
370,Colly,Worsam,cworsama9@soup.io,15987
371,Janene,Blayney,jblayneyaa@hexun.com,9250
372,Hugh,Clulow,hclulowab@usnews.com,18614
373,Juanita,Perulli,jperulliac@yahoo.co.jp,15740
374,Bevvy,O'Carney,bocarneyad@hostgator.com,9975
375,Leoline,Dirr,ldirrae@t-online.de,13666
376,Miof mela,Blankenship,mblankenshipaf@taobao.com,11121
377,Gweneth,Tulloch,gtullochag@earthlink.net,6249
378,Christean,Baudinelli,cbaudinelliah@fc2.com,8282
379,Becki,Tatteshall,btatteshallai@acquirethisname.com,18569
380,Carrol,Checklin,cchecklinaj@ted.com,19131
381,Florinda,Yetts,fyettsak@a8.net,5525
382,Kurtis,Trevenu,ktrevenual@nih.gov,11826
383,Katrine,Lloyd-Williams,klloydwilliamsam@ftc.gov,17868
384,Beilul,de Mendoza,bdemendozaan@unblog.fr,7147
385,Nickolaus,Dolle,ndolleao@thetimes.co.uk,15366
386,Frederick,Romain,fromainap@hc360.com,12745
387,Philis,Hill,phillaq@webs.com,5867
388,Dione,Igglesden,digglesdenar@sbwire.com,1850
389,Michele,Andrea,mandreaas@sitemeter.com,14311
390,Kati,Kerrich,kkerrichat@harvard.edu,7888
391,Nicolina,Salsbury,nsalsburyau@phoca.cz,19316
392,Deidre,Soane,dsoaneav@cdbaby.com,15211
393,Kristi,Butterfield,kbutterfieldaw@independent.co.uk,17355
394,Cathy,Rogliero,croglieroax@about.com,3503
395,Phyllis,Eaken,peakenay@cocolog-nifty.com,3413
396,Balduin,Pllu,bplluaz@ted.com,14932
397,Adrian,Judson,ajudsonb0@nbcnews.com,10400
398,Penelopa,Fesby,pfesbyb1@boston.com,2750
399,Gibbie,Dashper,gdashperb2@nhs.uk,8812
400,Ignaz,Tather,itatherb3@mit.edu,7826
401,Janek,Jell,jjellb4@theglobeandmail.com,4995
402,Letisha,Broseke,lbrosekeb5@china.com.cn,16848
403,Eddie,Gadney,egadneyb6@harvard.edu,2791
404,Alan,Mickleburgh,amickleburghb7@elegantthemes.com,17616
405,Erskine,Badgers,ebadgersb8@mayoclinic.com,15616
406,Addison,Yvens,ayvensb9@ustream.tv,9135
407,Raddy,Martinetto,rmartinettoba@ebay.com,7694
408,Jae,Meuse,jmeusebb@nasa.gov,11275
409,Shanan,Lealle,sleallebc@redcross.org,16301
410,Elonore,Eagling,eeaglingbd@washingtonpost.com,4591
411,Adlai,Mackness,amacknessbe@ehow.com,8329
412,Wolfgang,Pillifant,wpillifantbf@nytimes.com,17563
413,Mikaela,Collington,mcollingtonbg@usgs.gov,14376
414,Dirk,Bryant,dbryantbh@netscape.com,3642
415,Meggy,Babbe,mbabbebi@zimbio.com,11735
416,Kristine,Fay,kfaybj@mayoclinic.com,7675
417,Isacco,Blinckhorne,iblinckhornebk@hubpages.com,7596
418,Ganny,Veldens,gveldensbl@soundcloud.com,15540
419,Sibelle,Bortolotti,sbortolottibm@wiley.com,9784
420,Noach,Sunnex,nsunnexbn@discovery.com,4185
421,Bart,Coltherd,bcoltherdbo@fema.gov,5456
422,Alleyn,Isaksen,aisaksenbp@multiply.com,18063
423,Gabey,Gregorace,ggregoracebq@virginia.edu,1017
424,Spence,Winsper,swinsperbr@vinaora.com,18094
425,Ashlin,Dedam,adedambs@nature.com,14372
426,Terese,Hasselby,thasselbybt@foxnews.com,18981
427,Reginald,MacArd,rmacardbu@imgur.com,14443
428,Leslie,Salerg,lsalergbv@apple.com,18319
429,Malva,Hennington,mhenningtonbw@google.co.jp,7829
430,Marthe,McDugal,mmcdugalbx@clickbank.net,11302
431,Leopold,Shillan,lshillanby@time.com,9608
432,Joshuah,Bogies,jbogiesbz@example.com,8267
433,Reina,Poolman,rpoolmanc0@intel.com,15129
434,Linn,Martinson,lmartinsonc1@vkontakte.ru,4280
435,Brod,Luther,blutherc2@dedecms.com,6924
436,Guss,Hawking,ghawkingc3@jiathis.com,5286
437,Gustavo,Fairburn,gfairburnc4@soup.io,4508
438,Darsie,Greenwood,dgreenwoodc5@nbcnews.com,2183
439,Harri,Grimsdell,hgrimsdellc6@merriam-webster.com,6381
440,Laverne,Borrie,lborriec7@ox.ac.uk,18020
441,Xerxes,Bower,xbowerc8@cdc.gov,3215
442,Jackie,Stubbes,jstubbesc9@scribd.com,5253
443,Calla,Patria,cpatriaca@meetup.com,13782
444,Kippy,Iredell,kiredellcb@ebay.com,2322
445,Jodee,Heale,jhealecc@umich.edu,7426
446,Evangelina,Yorke,eyorkecd@e-recht24.de,5149
447,Josh,Gunthorpe,jgunthorpece@feedburner.com,15739
448,Doris,Liffe,dliffecf@list-manage.com,5738
449,Steffane,Jobern,sjoberncg@nasa.gov,1319
450,Leigh,Potebury,lpoteburych@spiegel.de,9271
451,Cherianne,Gait,cgaitci@patch.com,17349
452,Denni,Lamke,dlamkecj@discuz.net,17588
453,Shawn,Westcott,swestcottck@sohu.com,11580
454,Elvis,Muccino,emuccinocl@histats.com,3162
455,Gil,Mewis,gmewiscm@unc.edu,2218
456,Dollie,Elloy,delloycn@nps.gov,9518
457,Dorelia,Philcock,dphilcockco@merriam-webster.com,10700
458,Gene,Hucks,ghuckscp@google.fr,11639
459,Ellen,Rambaut,erambautcq@oaic.gov.au,12384
460,Elbertine,Simson,esimsoncr@dagondesign.com,13451
461,Anjela,Mallinson,amallinsoncs@mac.com,4318
462,Caleb,Menhenitt,cmenhenittct@usnews.com,15818
463,Hortensia,Corn,hcorncu@google.it,11517
464,Greta,Barbara,gbarbaracv@posterous.com,12752
465,Findlay,Frodsam,ffrodsamcw@example.com,1255
466,Hamel,Tennewell,htennewellcx@over-blog.com,9091
467,Forester,Eastham,feasthamcy@xinhuanet.com,1323
468,Dex,Dunkley,ddunkleycz@xinhuanet.com,17261
469,Brew,Simonou,bsimonoud0@state.gov,1037
470,Shaun,Wile,swiled1@indiegogo.com,5947
471,Pren,Cuthbertson,pcuthbertsond2@sogou.com,1623
472,Karmen,Stubbs,kstubbsd3@toplist.cz,16128
473,Sinclair,Gumm,sgummd4@meetup.com,16538
474,Northrop,Pendrick,npendrickd5@weibo.com,4243
475,Tulley,Ovett,tovettd6@whitehouse.gov,4048
476,Agatha,Ianson,aiansond7@ycombinator.com,10405
477,Juliann,Boulstridge,jboulstridged8@epa.gov,14840
478,Aprilette,Albrighton,aalbrightond9@ftc.gov,14809
479,Holly-anne,Grahlmans,hgrahlmansda@japanpost.jp,5542
480,Ring,Lias,rliasdb@geocities.com,9335
481,Billie,Barfoot,bbarfootdc@wsj.com,2158
482,Gratiana,Ingleton,gingletondd@cmu.edu,16425
483,Baldwin,Durning,bdurningde@java.com,18710
484,Izaak,Condon,icondondf@google.com.hk,7832
485,Chloris,Di Bartolomeo,cdibartolomeodg@mail.ru,16674
486,Osmond,Banting,obantingdh@state.gov,6574
487,Baudoin,Semeradova,bsemeradovadi@ask.com,16365
488,Jere,Yeld,jyelddj@washingtonpost.com,16060
489,Viole,Grieg,vgriegdk@storify.com,8596
490,Madel,Holme,mholmedl@miibeian.gov.cn,1727
491,Orion,Barracks,obarracksdm@live.com,12624
492,Essy,Rearden,ereardendn@nifty.com,1631
493,Nanice,Wands,nwandsdo@mlb.com,1869
494,Tammara,Hanhard,thanharddp@google.com.br,6494
495,Heriberto,McGillivrie,hmcgillivriedq@msn.com,8957
496,Vinson,Haining,vhainingdr@ox.ac.uk,6238
497,Denver,Gilhouley,dgilhouleyds@domainmarket.com,2118
498,Marten,Hammersley,mhammersleydt@yellowbook.com,7431
499,Carolin,Le Sarr,clesarrdu@msu.edu,18891
500,Fidelia,Overall,foveralldv@cloudflare.com,12950
501,Morry,Abby,mabbydw@adobe.com,11108
502,Iain,Wathell,iwathelldx@wp.com,19853
503,Carlos,Gorhardt,cgorhardtdy@digg.com,9292
504,Elvin,Gallemore,egallemoredz@usa.gov,18536
505,Amargo,Winfred,awinfrede0@edublogs.org,3417
506,Marne,Sedgebeer,msedgebeere1@constantcontact.com,19587
507,Kassi,Addess,kaddesse2@fema.gov,6443
508,Noble,Bonsul,nbonsule3@ucla.edu,19847
509,Adrienne,Bockmann,abockmanne4@wisc.edu,18878
510,Massimiliano,Morit,mmorite5@kickstarter.com,11140
511,Charil,Hyde,chydee6@gravatar.com,19587
512,Natividad,Lerhinan,nlerhinane7@ezinearticles.com,1743
513,Silva,Sybbe,ssybbee8@ed.gov,11087
514,Bettye,Maxwell,bmaxwelle9@ucoz.com,12540
515,Quinton,Ramstead,qramsteadea@cam.ac.uk,10127
516,Davide,Middlemist,dmiddlemisteb@mysql.com,2569
517,Daphne,O'Beirne,dobeirneec@guardian.co.uk,8003
518,Rey,Orrum,rorrumed@cbc.ca,8243
519,Fairfax,Logue,flogueee@nytimes.com,16421
520,Shannon,Ollivier,sollivieref@forbes.com,3354
521,Tara,Rivelin,trivelineg@globo.com,19414
522,Arluene,Grabert,agraberteh@cnet.com,12838
523,Louisette,Burleigh,lburleighei@opera.com,2666
524,Hazel,Ivanishev,hivanishevej@latimes.com,2112
525,Barris,Klaussen,bklaussenek@storify.com,8987
526,Maurizio,Cornick,mcornickel@tripod.com,3972
527,Carolina,Kender,ckenderem@artisteer.com,3180
528,Henrik,Wayvill,hwayvillen@skyrock.com,8266
529,Stevie,Funnell,sfunnelleo@cloudflare.com,2939
530,Yevette,Fick,yfickep@shareasale.com,19876
531,Susanna,Montez,smontezeq@tinypic.com,2981
532,Lisbeth,Rumens,lrumenser@sfgate.com,11517
533,Lelia,Hebard,lhebardes@over-blog.com,8273
534,Avery,De Biaggi,adebiaggiet@example.com,6230
535,Ralf,Josefson,rjosefsoneu@state.gov,13685
536,Penelopa,Sunner,psunnerev@seesaa.net,16855
537,Uriel,Dunridge,udunridgeew@weather.com,12378
538,Tobin,Branston,tbranstonex@fema.gov,4378
539,Taite,Madle,tmadleey@jiathis.com,4318
540,Annaliese,Illsley,aillsleyez@tinypic.com,9544
541,Derril,Carpmile,dcarpmilef0@t-online.de,8838
542,Jordana,Stoneley,jstoneleyf1@globo.com,19313
543,Fairlie,Fratczak,ffratczakf2@mail.ru,3864
544,Gerianne,Comsty,gcomstyf3@google.nl,5939
545,Cosette,Churms,cchurmsf4@unicef.org,13179
546,Sonnie,Keelinge,skeelingef5@cnbc.com,5932
547,Lib,Dzenisenka,ldzenisenkaf6@umich.edu,16363
548,Inglebert,Menham,imenhamf7@purevolume.com,1406
549,Daffi,Littlepage,dlittlepagef8@vk.com,19152
550,Henryetta,Pattillo,hpattillof9@people.com.cn,8662
551,Evelina,Cowitz,ecowitzfa@google.nl,11643
552,Aggie,Burrus,aburrusfb@oracle.com,16286
553,Andris,Braddock,abraddockfc@nytimes.com,15174
554,Gabby,Causton,gcaustonfd@homestead.com,16414
555,Ansell,Limer,alimerfe@fema.gov,16767
556,Dynah,Keddie,dkeddieff@youtube.com,3087
557,Andrew,Renish,arenishfg@youtu.be,16314
558,Corny,Decent,cdecentfh@cbslocal.com,17811
559,Mary,Andreopolos,mandreopolosfi@dedecms.com,4808
560,Phil,Saile,psailefj@virginia.edu,2697
561,Marcelo,Beardall,mbeardallfk@instagram.com,4476
562,Clemente,Allabarton,callabartonfl@instagram.com,9884
563,Chantal,Crossan,ccrossanfm@amazon.co.jp,12867
564,Pyotr,Capewell,pcapewellfn@sitemeter.com,17594
565,Geoffry,Arnet,garnetfo@ihg.com,2741
566,Rebe,Spacie,rspaciefp@hc360.com,2446
567,Jillane,Korpolak,jkorpolakfq@shop-pro.jp,11052
568,Simmonds,Ribou,sriboufr@printfriendly.com,9428
569,Riobard,Keson,rkesonfs@i2i.jp,5214
570,Banky,Blazynski,bblazynskift@latimes.com,8587
571,Mohandas,Devonish,mdevonishfu@earthlink.net,1840
572,Bert,Bannell,bbannellfv@gov.uk,13463
573,Dyann,Tunuy,dtunuyfw@etsy.com,11185
574,Sidonnie,Morford,smorfordfx@marketwatch.com,2374
575,Jessy,Cavan,jcavanfy@tripadvisor.com,2078
576,Dyanna,Diment,ddimentfz@cisco.com,13036
577,Axel,Cail,acailg0@fc2.com,12858
578,Cyndy,Iacomi,ciacomig1@paginegialle.it,4338
579,Joellen,Turfitt,jturfittg2@forbes.com,2786
580,Sunshine,Perllman,sperllmang3@independent.co.uk,18518
581,Tammara,Lambourne,tlambourneg4@salon.com,13839
582,Catherina,McKeighan,cmckeighang5@washington.edu,5301
583,Erma,Cargon,ecargong6@blog.com,5258
584,Vern,Darrell,vdarrellg7@geocities.com,8378
585,Jorey,Aymer,jaymerg8@people.com.cn,19260
586,Starlene,Fricke,sfrickeg9@washingtonpost.com,18124
587,Eward,Plaxton,eplaxtonga@technorati.com,7278
588,Shandee,Roscam,sroscamgb@studiopress.com,14152
589,Rhodia,Trees,rtreesgc@yellowbook.com,12719
590,Christos,Schneider,cschneidergd@blogtalkradio.com,4710
591,Jo,Jozsa,jjozsage@sakura.ne.jp,16756
592,Delphinia,Jannex,djannexgf@google.com.hk,12004
593,Nelli,Smaleman,nsmalemangg@booking.com,9216
594,Maitilde,Brunroth,mbrunrothgh@globo.com,15253
595,Matilda,Trevorrow,mtrevorrowgi@ucsd.edu,6576
596,Philip,Lamzed,plamzedgj@google.pl,2913
597,Cyrillus,Romer,cromergk@1und1.de,14899
598,Oralee,Jacquet,ojacquetgl@columbia.edu,16802
599,Skell,Rude,srudegm@fc2.com,14070
600,Morgun,Zorro,mzorrogn@naver.com,10134
601,Piotr,Bathowe,pbathowego@si.edu,15316
602,Veda,Roark,vroarkgp@umich.edu,2732
603,Augusta,Durant,adurantgq@mapy.cz,5507
604,Webb,Leatherbarrow,wleatherbarrowgr@rambler.ru,18414
605,Issie,Hing,ihinggs@webnode.com,13156
606,Hilda,Clover,hclovergt@sitemeter.com,19485
607,Harald,Emanueli,hemanueligu@chron.com,3381
608,Aguste,Najara,anajaragv@addtoany.com,6254
609,Pierson,Mart,pmartgw@alibaba.com,15522
610,Jozef,Arkow,jarkowgx@icio.us,1244
611,Mitzi,Thomesson,mthomessongy@usatoday.com,11561
612,Catlee,Brinkler,cbrinklergz@multiply.com,16806
613,Marybelle,Daverin,mdaverinh0@over-blog.com,9986
614,Granger,Lawerence,glawerenceh1@dailymotion.com,8697
615,Bert,Roth,brothh2@youku.com,18354
616,Marika,McNamara,mmcnamarah3@examiner.com,16562
617,Suzy,Klimaszewski,sklimaszewskih4@theglobeandmail.com,9732
618,Nealon,Ovid,novidh5@1und1.de,8190
619,Leif,Quillinane,lquillinaneh6@businessinsider.com,8376
620,Gay,Spriddle,gspriddleh7@google.com.au,14453
621,Ruggiero,Rumford,rrumfordh8@toplist.cz,6617
622,Lyman,Blackley,lblackleyh9@google.com,9038
623,Griff,Batstone,gbatstoneha@meetup.com,6978
624,Nadean,Dudgeon,ndudgeonhb@delicious.com,5212
625,Napoleon,Yven,nyvenhc@washingtonpost.com,19796
626,Caitlin,Ayris,cayrishd@behance.net,3374
627,Ashton,Cecchi,acecchihe@yahoo.com,19590
628,Ashbey,Ramm,arammhf@squarespace.com,4043
629,Nikaniki,Jugging,njugginghg@tuttocitta.it,6920
630,Garald,McPhillimey,gmcphillimeyhh@marketwatch.com,1276
631,Grace,Poluzzi,gpoluzzihi@statcounter.com,12439
632,Sloan,Burrell,sburrellhj@feedburner.com,16598
633,Lemmy,Cotter,lcotterhk@1und1.de,15121
634,Gayel,Muzzillo,gmuzzillohl@taobao.com,8621
635,Dagny,Clowsley,dclowsleyhm@deviantart.com,11021
636,Tressa,Cruft,tcrufthn@t.co,2649
637,Wally,Speakman,wspeakmanho@homestead.com,11038
638,Wrennie,Guwer,wguwerhp@sciencedirect.com,17850
639,Norma,Meffan,nmeffanhq@businesswire.com,15883
640,Willie,Moodie,wmoodiehr@spotify.com,12724
641,Giusto,Tweedie,gtweediehs@hp.com,17185
642,Linn,Wardlaw,lwardlawht@blogspot.com,16127
643,Francene,Tolcher,ftolcherhu@blogtalkradio.com,7936
644,Veradis,Domokos,vdomokoshv@freewebs.com,4533
645,Angela,McBryde,amcbrydehw@cpanel.net,11287
646,Filia,Fairholm,ffairholmhx@who.int,2459
647,Tracy,Rozet,trozethy@imgur.com,8343
648,Ericka,Surridge,esurridgehz@army.mil,17639
649,Amalita,Rippingale,arippingalei0@cdbaby.com,14706
650,Peri,Jedrzejczyk,pjedrzejczyki1@trellian.com,6161
651,Wandie,de Zamora,wdezamorai2@goodreads.com,7322
652,Melva,Sink,msinki3@alexa.com,11780
653,Jens,Klagge,jklaggei4@tripod.com,1980
654,Urban,Fried,ufriedi5@ucla.edu,1072
655,Danice,Rickson,dricksoni6@t-online.de,13462
656,Ethelred,Westrope,ewestropei7@cbslocal.com,17698
657,Gavrielle,Cardillo,gcardilloi8@tripadvisor.com,8588
658,Andra,Pardue,aparduei9@si.edu,11925
659,Dinnie,Simchenko,dsimchenkoia@google.co.uk,2724
660,Rosina,Craghead,rcragheadib@pinterest.com,10470
661,Malinde,Coling,mcolingic@creativecommons.org,4416
662,Neils,Orrum,norrumid@t.co,6557
663,Codi,Learoyde,clearoydeie@earthlink.net,8013
664,Hillyer,Ferrotti,hferrottiif@pinterest.com,16722
665,Kenneth,Thorn,kthornig@indiatimes.com,2814
666,Costa,Howood,chowoodih@amazon.com,10138
667,Burlie,Helkin,bhelkinii@google.it,10345
668,Granger,Scollick,gscollickij@prnewswire.com,1503
669,Jacquenetta,Shoemark,jshoemarkik@4shared.com,10371
670,Aggie,Bomfield,abomfieldil@blogs.com,8820
671,Luz,Olwen,lolwenim@mac.com,9181
672,Shandeigh,Yankov,syankovin@canalblog.com,6314
673,Salmon,Joinsey,sjoinseyio@engadget.com,4717
674,Kale,Hadlee,khadleeip@buzzfeed.com,3368
675,Lindy,Drewe,ldreweiq@dropbox.com,15078
676,Janel,Lowseley,jlowseleyir@wsj.com,7342
677,Giraud,Levison,glevisonis@bbc.co.uk,3224
678,Della,Evetts,devettsit@alibaba.com,16232
679,Cart,Gobert,cgobertiu@noaa.gov,11630
680,Mufinella,Hullbrook,mhullbrookiv@bloglovin.com,7306
681,Anthia,Kellock,akellockiw@networksolutions.com,18756
682,Evvy,Wofenden,ewofendenix@blogger.com,17768
683,Olenolin,Petken,opetkeniy@printfriendly.com,8544
684,Skell,Woolacott,swoolacottiz@elpais.com,5462
685,Owen,Zincke,ozinckej0@cam.ac.uk,11410
686,Vickie,Thombleson,vthomblesonj1@symantec.com,18816
687,Fairleigh,Chater,fchaterj2@huffingtonpost.com,14634
688,Joel,Quayle,jquaylej3@time.com,13764
689,Nappy,Fossick,nfossickj4@mapy.cz,2902
690,Bord,Orvis,borvisj5@tumblr.com,3421
691,Giffer,Simkin,gsimkinj6@ovh.net,16192
692,Helenka,Rosso,hrossoj7@diigo.com,12277
693,Fabian,Copperwaite,fcopperwaitej8@comsenz.com,19246
694,Gerianna,Burchmore,gburchmorej9@indiegogo.com,1715
695,Griselda,Redmond,gredmondja@ycombinator.com,6217
696,Brendan,Banat,bbanatjb@telegraph.co.uk,10435
697,Sutherlan,Wetherell,swetherelljc@diigo.com,16596
698,Remington,Kilgrew,rkilgrewjd@mozilla.com,16271
699,Maryanna,Walkden,mwalkdenje@goodreads.com,10599
700,Sterling,Hindenberger,shindenbergerjf@irs.gov,1864
701,Marget,Beavan,mbeavanjg@utexas.edu,2340
702,Derick,Shillan,dshillanjh@fastcompany.com,7150
703,Artur,Davage,adavageji@patch.com,10209
704,Cleve,D'Emanuele,cdemanuelejj@sina.com.cn,7980
705,Ramona,Summersett,rsummersettjk@accuweather.com,18286
706,Ashien,Medway,amedwayjl@addthis.com,19958
707,Lonee,Berrington,lberringtonjm@myspace.com,12490
708,Cecily,Newcomen,cnewcomenjn@linkedin.com,13382
709,Elsworth,McElhargy,emcelhargyjo@examiner.com,2774
710,Barthel,Nannoni,bnannonijp@chron.com,5258
711,Terrye,Mainwaring,tmainwaringjq@spotify.com,19826
712,Nanice,Korda,nkordajr@dot.gov,2757
713,Val,Kift,vkiftjs@google.es,14871
714,Augie,Oxnam,aoxnamjt@nasa.gov,12345
715,Mattie,Wynch,mwynchju@slideshare.net,11820
716,Yoshi,Hutchison,yhutchisonjv@ow.ly,9003
717,Guy,Drioli,gdriolijw@issuu.com,13413
718,Mada,Banisch,mbanischjx@cmu.edu,11189
719,Piotr,Fearnley,pfearnleyjy@xing.com,12409
720,Idell,Bellows,ibellowsjz@vinaora.com,11361
721,Idalia,Soldner,isoldnerk0@ocn.ne.jp,16780
722,Silvan,Chipperfield,schipperfieldk1@moonfruit.com,15498
723,Ginger,Beche,gbechek2@woothemes.com,11451
724,Maurise,Anespie,manespiek3@phoca.cz,7704
725,Lyndsay,Tovey,ltoveyk4@vistaprint.com,12796
726,Kipp,Dorbin,kdorbink5@domainmarket.com,2092
727,Clem,Macura,cmacurak6@last.fm,6872
728,Rowan,Fleay,rfleayk7@xinhuanet.com,16141
729,Burk,McElrath,bmcelrathk8@mac.com,18810
730,Selle,Pocke,spockek9@unblog.fr,3939
731,Waylin,Wyper,wwyperka@gravatar.com,14912
732,Benedicta,Lawless,blawlesskb@ow.ly,4614
733,Eli,Lindenbluth,elindenbluthkc@unicef.org,13647
734,Priscilla,Ebbrell,pebbrellkd@ibm.com,12106
735,Chico,Patshull,cpatshullke@yahoo.co.jp,19876
736,Anders,Kempe,akempekf@bbb.org,7387
737,Carlin,Padberry,cpadberrykg@networkadvertising.org,8541
738,Tyrus,Samsonsen,tsamsonsenkh@123-reg.co.uk,19219
739,Christophe,Pitcaithley,cpitcaithleyki@reuters.com,8737
740,Armando,Barrowcliff,abarrowcliffkj@craigslist.org,17583
741,Daisy,Wallbank,dwallbankkk@devhub.com,8475
742,Deva,Barsam,dbarsamkl@prnewswire.com,1538
743,Sebastiano,Flacknoe,sflacknoekm@hao123.com,1887
744,Roxane,Terrans,rterranskn@seattletimes.com,10155
745,Wally,Dagger,wdaggerko@scribd.com,7222
746,Elliot,Whatling,ewhatlingkp@statcounter.com,10812
747,Adora,Giovani,agiovanikq@npr.org,15021
748,Alyss,Dowse,adowsekr@howstuffworks.com,5463
749,Marshal,Elderkin,melderkinks@gravatar.com,14920
750,Binni,Gockeler,bgockelerkt@feedburner.com,16180
751,Nelli,Barlas,nbarlasku@g.co,3826
752,Kamila,Ambrosini,kambrosinikv@etsy.com,14704
753,Shelly,Haggard,shaggardkw@goo.gl,18299
754,Norean,Brealey,nbrealeykx@unblog.fr,10955
755,Noah,Kettle,nkettleky@weather.com,6811
756,Waverly,Towsey,wtowseykz@salon.com,7286
757,Kimmie,Featenby,kfeatenbyl0@google.ca,15741
758,Edward,Cumbridge,ecumbridgel1@usda.gov,2956
759,Charissa,Artin,cartinl2@lycos.com,9334
760,Gerladina,Cockill,gcockilll3@marriott.com,18842
761,Sutherland,Fidock,sfidockl4@pbs.org,8006
762,Tucky,McRoberts,tmcrobertsl5@ycombinator.com,13715
763,Lou,Hammill,lhammilll6@un.org,4320
764,Agnesse,Kerfoot,akerfootl7@sitemeter.com,14276
765,Lorrayne,Chipp,lchippl8@ow.ly,5704
766,Eleanora,Ickovitz,eickovitzl9@freewebs.com,2075
767,Joseph,Simonnot,jsimonnotla@nifty.com,5618
768,Moe,Winborn,mwinbornlb@joomla.org,3631
769,Darrick,Itshak,ditshaklc@tinyurl.com,18264
770,Brandtr,Castelain,bcastelainld@google.cn,3938
771,Koressa,Giacomazzo,kgiacomazzole@jigsy.com,19721
772,Caroline,Wrightam,cwrightamlf@wisc.edu,6990
773,Betteanne,Kyme,bkymelg@house.gov,5957
774,Nanice,Gettens,ngettenslh@thetimes.co.uk,18855
775,Athene,O'Sherin,aosherinli@pcworld.com,12035
776,Lacie,Gurr,lgurrlj@multiply.com,15637
777,Claudianus,Cupitt,ccupittlk@barnesandnoble.com,8459
778,Tucker,Bramford,tbramfordll@parallels.com,15352
779,Rosabelle,Risbrough,rrisbroughlm@vk.com,9089
780,Jeramie,Cecere,jcecereln@artisteer.com,15042
781,Waverley,Morcomb,wmorcomblo@spotify.com,13799
782,Gradeigh,Shelford,gshelfordlp@wufoo.com,6460
783,Fair,Bennis,fbennislq@gnu.org,4460
784,Alix,O'Luby,aolubylr@list-manage.com,18171
785,Nissa,Fairholme,nfairholmels@myspace.com,6237
786,Sherrie,Seals,ssealslt@nytimes.com,15316
787,Hussein,Ivankov,hivankovlu@nba.com,19336
788,Lenette,Kernermann,lkernermannlv@geocities.com,9930
789,Stuart,Wimpeney,swimpeneylw@toplist.cz,15925
790,Emalee,McGiff,emcgifflx@gizmodo.com,17169
791,Boniface,Elwyn,belwynly@youku.com,3450
792,Helen-elizabeth,Howison,hhowisonlz@sciencedirect.com,16609
793,Kennith,Beeze,kbeezem0@etsy.com,10572
794,Bethina,Warrell,bwarrellm1@blinklist.com,14148
795,Scarface,Hatwell,shatwellm2@scribd.com,6778
796,Alic,Rosser,arosserm3@deviantart.com,14426
797,Patricia,Woodcraft,pwoodcraftm4@1688.com,5174
798,Rudd,Kindall,rkindallm5@paypal.com,2334
799,Johnnie,Trumpeter,jtrumpeterm6@cloudflare.com,15466
800,Marabel,Whitehurst,mwhitehurstm7@statcounter.com,2523
801,Julianna,French,jfrenchm8@jugem.jp,10160
802,Artemas,Flaxman,aflaxmanm9@uiuc.edu,6325
803,Jaime,Jimson,jjimsonma@japanpost.jp,5878
804,Babara,Laffan,blaffanmb@cafepress.com,19502
805,Rhodie,Batterham,rbatterhammc@google.com.au,18356
806,Rowland,Oxshott,roxshottmd@phpbb.com,2879
807,Homer,Postill,hpostillme@guardian.co.uk,17838
808,Bastien,Rushmere,brushmeremf@google.fr,13360
809,Luciana,Sheehy,lsheehymg@liveinternet.ru,9349
810,Judie,Measor,jmeasormh@so-net.ne.jp,17868
811,Jo,Aimable,jaimablemi@issuu.com,9524
812,Parnell,Wallage,pwallagemj@nyu.edu,9232
813,Ware,Sterman,wstermanmk@indiatimes.com,18678
814,Antoine,Tuberfield,atuberfieldml@dmoz.org,3993
815,Cairistiona,Hardwidge,chardwidgemm@histats.com,6792
816,Tedd,Wisson,twissonmn@noaa.gov,14306
817,Clemmie,Sherer,csherermo@elegantthemes.com,11602
818,Latia,Smye,lsmyemp@twitter.com,17636
819,Florie,Briereton,fbrieretonmq@google.ca,10742
820,Maggi,Normanvill,mnormanvillmr@pen.io,19733
821,Conant,Arlett,carlettms@sbwire.com,1314
822,Yale,Stanbury,ystanburymt@yolasite.com,15195
823,Milli,McClaurie,mmcclauriemu@naver.com,3740
824,Lezlie,Cheverton,lchevertonmv@nytimes.com,17645
825,Preston,Gullam,pgullammw@google.com.br,17550
826,Lissy,Peatheyjohns,lpeatheyjohnsmx@usgs.gov,3094
827,Tracie,Lideard,tlideardmy@amazon.co.jp,16781
828,Kalinda,Boyne,kboynemz@youtu.be,3492
829,Janene,Bartoszek,jbartoszekn0@intel.com,14706
830,Liuka,Gillogley,lgillogleyn1@huffingtonpost.com,6017
831,Robbie,McMorran,rmcmorrann2@soup.io,17836
832,Barron,Verheyden,bverheydenn3@marketwatch.com,5719
833,Meryl,Belding,mbeldingn4@cmu.edu,13637
834,Wilfred,Cleminshaw,wcleminshawn5@statcounter.com,4665
835,Prescott,Bilston,pbilstonn6@china.com.cn,15420
836,Dwayne,Sangster,dsangstern7@disqus.com,6520
837,Allyson,Blunsen,ablunsenn8@dedecms.com,9017
838,Gwyneth,Grafhom,ggrafhomn9@netscape.com,18962
839,Constantine,Hackin,chackinna@squidoo.com,9802
840,Cecilio,Elgie,celgienb@addtoany.com,10669
841,Maris,Cherry,mcherrync@freewebs.com,10467
842,Evanne,Wisdish,ewisdishnd@whitehouse.gov,18997
843,Betty,Fist,bfistne@dmoz.org,9636
844,Angelita,Verlinden,averlindennf@nytimes.com,1658
845,Herbert,Itzkov,hitzkovng@prnewswire.com,18544
846,Sher,Voelker,svoelkernh@chron.com,10205
847,Astrix,Crumley,acrumleyni@typepad.com,1002
848,Reina,Adamczewski,radamczewskinj@google.com.hk,8963
849,Gerty,Schenkel,gschenkelnk@yelp.com,12663
850,Templeton,Wyper,twypernl@ucoz.ru,7506
851,Maggy,Peres,mperesnm@usatoday.com,8550
852,Gavrielle,Elkins,gelkinsnn@wikipedia.org,1086
853,Ethyl,Haydock,ehaydockno@scientificamerican.com,15493
854,Georgiana,Ghio,gghionp@ameblo.jp,15201
855,Clementine,Spybey,cspybeynq@pcworld.com,15881
856,Vernor,Reuble,vreublenr@woothemes.com,2320
857,Karlens,Rafter,krafterns@foxnews.com,1343
858,Holt,Camelin,hcamelinnt@auda.org.au,8561
859,Lonee,Eagleston,leaglestonnu@angelfire.com,11987
860,Georgine,Doorly,gdoorlynv@yelp.com,7062
861,Ranna,Harcourt,rharcourtnw@latimes.com,10469
862,Adan,Crockley,acrockleynx@miitbeian.gov.cn,16510
863,Erick,Sprigging,espriggingny@bloglines.com,9200
864,Devinne,Goodlip,dgoodlipnz@qq.com,17370
865,Goddard,Reeson,greesono0@psu.edu,5392
866,Hildegarde,Ondrusek,hondruseko1@tripod.com,19464
867,Ernaline,Dorward,edorwardo2@joomla.org,9546
868,Dina,Penticoot,dpenticooto3@nationalgeographic.com,12322
869,Reynolds,Hurrell,rhurrello4@bloomberg.com,17045
870,Ninon,Heartfield,nheartfieldo5@ow.ly,16148
871,Ann,O'Heneghan,aoheneghano6@nba.com,4575
872,Lucas,Kearey,lkeareyo7@yahoo.com,11876
873,Valdemar,Dulson,vdulsono8@phpbb.com,15696
874,Veda,Blaby,vblabyo9@npr.org,15945
875,Natala,Sammon,nsammonoa@acquirethisname.com,15849
876,Juliana,Beecham,jbeechamob@vimeo.com,18001
877,Rosco,Carswell,rcarswelloc@google.co.uk,14497
878,Berty,Feather,bfeatherod@php.net,10749
879,Teresina,Bartunek,tbartunekoe@statcounter.com,19398
880,Nicolai,Daouse,ndaouseof@newsvine.com,4606
881,Bidget,Matschek,bmatschekog@uol.com.br,13065
882,Ulysses,Yearnes,uyearnesoh@hp.com,8644
883,Fionna,Shearman,fshearmanoi@1688.com,4745
884,Grier,Wellwood,gwellwoodoj@blog.com,10259
885,Edlin,Keaveney,ekeaveneyok@e-recht24.de,10219
886,Daisie,Ditzel,dditzelol@buzzfeed.com,2261
887,Lorrayne,Cuming,lcumingom@ed.gov,12186
888,Hinda,Halsted,hhalstedon@berkeley.edu,18933
889,Kienan,Messenger,kmessengeroo@ted.com,1545
890,Tamas,Dewey,tdeweyop@technorati.com,1634
891,Maddy,Morales,mmoralesoq@buzzfeed.com,14468
892,Faustina,Megany,fmeganyor@auda.org.au,17431
893,Denni,Goretti,dgorettios@newsvine.com,12139
894,Shirl,Woodcroft,swoodcroftot@eventbrite.com,12775
895,Cecile,Bruyet,cbruyetou@freewebs.com,3594
896,Enos,Hursthouse,ehursthouseov@harvard.edu,2180
897,Lorrin,Maffey,lmaffeyow@e-recht24.de,16424
898,Kellen,Kilgrew,kkilgrewox@ted.com,15419
899,Ev,Daskiewicz,edaskiewiczoy@spiegel.de,17155
900,Andrus,Phillott,aphillottoz@aol.com,11484
901,Juliane,Asmus,jasmusp0@smugmug.com,16067
902,Norma,Glamart,nglamartp1@yandex.ru,12130
903,Riki,Checklin,rchecklinp2@marketwatch.com,19783
904,Keri,Sanders,ksandersp3@weather.com,10488
905,Evy,Bigglestone,ebigglestonep4@wsj.com,10756
906,Gorden,Newe,gnewep5@163.com,7819
907,Stephie,Blyth,sblythp6@yale.edu,4482
908,Katharina,Loxly,kloxlyp7@ifeng.com,12367
909,Inez,Budding,ibuddingp8@nasa.gov,18225
910,Dorella,Look,dlookp9@psu.edu,1774
911,Osbourne,Fiske,ofiskepa@privacy.gov.au,19645
912,Janaya,Iuorio,jiuoriopb@admin.ch,9095
913,Calli,Crowley,ccrowleypc@engadget.com,15224
914,Clemens,Rapelli,crapellipd@about.com,14824
915,Stanleigh,Ferencz,sferenczpe@dailymail.co.uk,6484
916,Celie,Akehurst,cakehurstpf@storify.com,8022
917,Reinhold,Reed,rreedpg@engadget.com,9634
918,Kathie,Coppock.,kcoppockph@archive.org,9607
919,Daisi,Bloor,dbloorpi@dailymotion.com,17685
920,Glynnis,Pietzker,gpietzkerpj@go.com,17398
921,Cassie,Wisdom,cwisdompk@thetimes.co.uk,8591
922,Isadora,Clabburn,iclabburnpl@psu.edu,10719
923,Essie,Possell,epossellpm@princeton.edu,7577
924,Minni,McConnachie,mmcconnachiepn@alexa.com,15151
925,Drusilla,O'Donnelly,dodonnellypo@state.gov,10188
926,Trish,Heeron,theeronpp@techcrunch.com,6733
927,Reagen,Creagh,rcreaghpq@com.com,6138
928,Sheffie,St Ledger,sstledgerpr@unc.edu,15451
929,Valida,Varsey,vvarseyps@people.com.cn,1716
930,Quill,London,qlondonpt@businessweek.com,11891
931,Horatio,Stegers,hstegerspu@sciencedirect.com,11132
932,Marcus,Furlow,mfurlowpv@php.net,5068
933,Mata,Swyer-Sexey,mswyersexeypw@privacy.gov.au,19819
934,Jozef,Bromley,jbromleypx@meetup.com,2098
935,Chelsae,Kores,ckorespy@sbwire.com,15906
936,Allis,Shakespeare,ashakespearepz@google.com,15647
937,Corabel,Abrehart,cabrehartq0@oracle.com,15848
938,Hatty,Fenton,hfentonq1@hibu.com,14581
939,Angelo,Cheng,achengq2@weibo.com,14477
940,Bernete,Pietrzak,bpietrzakq3@netlog.com,5528
941,Sayre,Bonde,sbondeq4@t.co,13585
942,Sidonnie,Foyston,sfoystonq5@state.tx.us,8536
943,Staffard,Ashurst,sashurstq6@google.com.au,4455
944,Chandal,Beebis,cbeebisq7@forbes.com,10685
945,Rustin,Androsik,randrosikq8@unblog.fr,9120
946,Arnie,Jacke,ajackeq9@cbsnews.com,7193
947,Maren,Caspell,mcaspellqa@chicagotribune.com,10191
948,Agathe,Oliphard,aoliphardqb@youku.com,13724
949,Carlye,MacAnellye,cmacanellyeqc@java.com,15350
950,Darnall,Flack,dflackqd@cyberchimps.com,3229
951,Ora,Ivakhno,oivakhnoqe@home.pl,14393
952,Raul,Pallaske,rpallaskeqf@weather.com,5034
953,Perl,Skully,pskullyqg@weibo.com,15784
954,Zondra,Rablan,zrablanqh@constantcontact.com,18316
955,Kerwinn,Ismail,kismailqi@earthlink.net,2206
956,Isaac,MacLardie,imaclardieqj@tumblr.com,3023
957,Gary,Girvin,ggirvinqk@japanpost.jp,5152
958,Clarance,Benedtti,cbenedttiql@com.com,16334
959,Ava,McClenan,amcclenanqm@mapquest.com,10214
960,Rodd,Bellows,rbellowsqn@domainmarket.com,1105
961,Gerta,Humbatch,ghumbatchqo@gov.uk,15657
962,Delano,Goldston,dgoldstonqp@latimes.com,16908
963,Cletis,Yude,cyudeqq@gravatar.com,12709
964,Fayette,Conew,fconewqr@weibo.com,11225
965,Aurlie,Candlin,acandlinqs@vimeo.com,16922
966,Winnifred,Strowther,wstrowtherqt@blogs.com,16521
967,Nata,Fosdike,nfosdikequ@time.com,17329
968,Therine,Krzysztof,tkrzysztofqv@fotki.com,3570
969,Allissa,McArthur,amcarthurqw@wunderground.com,13879
970,Sena,Presman,spresmanqx@techcrunch.com,5850
971,Patrice,Valentinuzzi,pvalentinuzziqy@cyberchimps.com,6341
972,Brennen,Langley,blangleyqz@reuters.com,18390
973,Leda,Sillitoe,lsillitoer0@e-recht24.de,15343
974,Lorne,Asif,lasifr1@google.co.jp,2432
975,Leonid,Novelli,lnovellir2@sun.com,11410
976,Farlee,Limer,flimerr3@cbc.ca,12934
977,Zorah,Frodsam,zfrodsamr4@g.co,12258
978,Fleming,Dransfield,fdransfieldr5@bloomberg.com,5817
979,Jaimie,Cancellario,jcancellarior6@alexa.com,15077
980,Kittie,Syres,ksyresr7@google.de,17564
981,Sterne,Peret,speretr8@surveymonkey.com,6021
982,Parker,Bloxham,pbloxhamr9@bbc.co.uk,12053
983,Maje,Roby,mrobyra@twitter.com,9298
984,Felipe,Petrescu,fpetrescurb@flickr.com,10952
985,Avivah,Hector,ahectorrc@slate.com,5483
986,Berti,Snalom,bsnalomrd@skyrock.com,8593
987,Beau,Fragino,bfraginore@vimeo.com,3397
988,Warren,Bevington,wbevingtonrf@yahoo.com,9298
989,Raviv,Berk,rberkrg@csmonitor.com,14894
990,Olin,McKeighan,omckeighanrh@storify.com,1693
991,Kathryne,Jedrzejczak,kjedrzejczakri@bloglines.com,6186
992,Gabbie,Fancy,gfancyrj@tamu.edu,16437
993,Bobby,Falloon,bfalloonrk@stumbleupon.com,18106
994,Panchito,McGunley,pmcgunleyrl@ustream.tv,9928
995,Lemmie,Henriquet,lhenriquetrm@blogtalkradio.com,12837
996,Nollie,Bardell,nbardellrn@slideshare.net,10562
997,Thaxter,Bleaden,tbleadenro@technorati.com,10314
998,Jaquenetta,Ridhole,jridholerp@home.pl,11392
999,Juana,Achurch,jachurchrq@sfgate.com,15371
1000,Mathian,Meffin,mmeffinrr@elegantthemes.com,6772
